<?xml version="1.0" encoding="UTF-8"?>
<templates id="template" xml:space="preserve">
	<!-- Owl Template Extend -->
    <t t-inherit="web.Legacy.ControlPanel" t-inherit-mode="extension" owl="1">
		<xpath expr="//div[hasclass('o_cp_bottom_right')]" position="replace">
			<div class="o_cp_bottom_right" t-if="display.bottom_right">
				<div class="ks-phone-filter-modal">
					<!-- phone-show -->
                    <div class="ks-phone-filter-topbar">
						<div class="ks-top-icons">
							<button class="ks-back-btn" t-on-click="_ksSearchFragmentClose">
								<svg width="16" height="17" viewBox="0 0 16 17" fill="none"
                                     xmlns="http://www.w3.org/2000/svg">
									<path d="M15 8.25H1" stroke="#616266" stroke-width="2" stroke-linecap="round"
                                          stroke-linejoin="round"/>
                                    <path d="M8 15.5L1 8.25L8 1" stroke="#616266" stroke-width="2"
                                          stroke-linecap="round" stroke-linejoin="round"/>
								</svg>
							</button>
                            <button t-on-click="_ksSearchReset">
								Clear
							</button>
						</div>
                        <div class="ks-item-search-box d-none">
<!--							<t t-if="props.view and props.view.type!='form'">-->
<!--								<SearchBar fields="fields"/>-->
<!--							</t>-->
							<SearchBar t-if="props.withSearchBar" fields="fields"/>
<!--                            &lt;!&ndash; <input type="text" placeholder='Search...'/>-->
<!--                            <button class="ks-srch-btn">-->
<!--                                <svg width="18" height="18" viewBox="0 0 18 18" fill="none"-->
<!--                                     xmlns="http://www.w3.org/2000/svg">-->
<!--                                    <path d="M17 17L11.6667 11.6667L17 17ZM13.4444 7.22222C13.4444 8.03934 13.2835 8.84845 12.9708 9.60336C12.6581 10.3583 12.1998 11.0442 11.622 11.622C11.0442 12.1998 10.3583 12.6581 9.60336 12.9708C8.84845 13.2835 8.03934 13.4444 7.22222 13.4444C6.40511 13.4444 5.596 13.2835 4.84108 12.9708C4.08617 12.6581 3.40023 12.1998 2.82245 11.622C2.24466 11.0442 1.78633 10.3583 1.47364 9.60336C1.16094 8.84845 1 8.03934 1 7.22222C1 5.57199 1.65555 3.98934 2.82245 2.82245C3.98934 1.65555 5.57199 1 7.22222 1C8.87246 1 10.4551 1.65555 11.622 2.82245C12.7889 3.98934 13.4444 5.57199 13.4444 7.22222Z"-->
<!--                                          stroke="#454546" stroke-width="1.5" stroke-linecap="round"-->
<!--                                          stroke-linejoin="round"/>-->
<!--                                </svg>-->
<!--                            </button>-->
<!--                            <span class="ks-search-result">-->
<!--                                Sales-->
<!--                                <i role="img" aria-label="Remove" title="Remove" class="fa fa-sm fa-remove"></i>-->
<!--                            </span> &ndash;&gt;-->
						</div>
					</div>
                    <div class="btn-group o_search_options position-static" role="search" t-ref="searchViewButtons">
						<t t-if="props.withSearchBar">
							<FilterMenu t-if="props.searchMenuTypes.includes('filter')" class="o_filter_menu"
                                        fields="fields"/>
                            <GroupByMenu t-if="props.searchMenuTypes.includes('groupBy')" class="o_group_by_menu"
                                         fields="fields"/>
                            <ComparisonMenu
                                    t-if="props.searchMenuTypes.includes('comparison') and model.get('filters', f => f.type === 'comparison').length"
                                    class="o_comparison_menu"/>
                            <FavoriteMenu t-if="props.searchMenuTypes.includes('favorite')" class="o_favorite_menu"/>
						</t>
					</div>
				</div>

				<div t-if="env.view and env.view.type == 'list'" class="dropdown refresh_button">
					<button class="reload_list_view btn btn-primary fa fa-refresh"></button>
				</div>
				<div t-if="env.view and env.view.type == 'form'" class="dropdown refresh_button">
					<button class="reload_form_view btn btn-primary fa fa-refresh"></button>
				</div>
				<div t-if="(env.view and env.view.type != 'form' and env.view and env.view.type != 'list')" class="dropdown refresh_button">
					<button class="reload_view btn btn-primary fa fa-refresh"></button>
				</div>

				<div t-if="env.view and env.view.type == 'list' and env.searchModel.extensions.length == 1" class="dropdown split-dropdown">
					<button class="btn btn-secondary dropdown-toggle" type="button" id="ks_split_dropdown" data-toggle="dropdown" aria-haspopup="true" aria-expanded="false">
						<svg width="13" height="13" viewBox="0 0 13 13" fill="none" xmlns="http://www.w3.org/2000/svg">
							<path d="M1 1H7" stroke="#fff" stroke-width="1.2" stroke-linecap="round" stroke-linejoin="round"/>
							<path d="M1 5H7" stroke="#fff" stroke-width="1.2" stroke-linecap="round" stroke-linejoin="round"/>
							<path d="M1 8H7" stroke="#fff" stroke-width="1.2" stroke-linecap="round" stroke-linejoin="round"/>
							<path d="M1 12H7" stroke="#fff" stroke-width="1.2" stroke-linecap="round" stroke-linejoin="round"/>
							<rect x="9" width="4" height="13" fill="#fff"/>
						</svg>
					</button>
					<ul class="dropdown-menu" aria-expanded="true" aria-labelledby="ks_split_dropdown">
						<li t-attf-class="{{props.split_view == 'no_split'?'active_split':''}}"><a t-on-click="_onksSplit" data-value="no_split" class="dropdown-item" href="#">No Split</a></li>
						<li t-attf-class="{{props.split_view == 'vertical'?'active_split':''}}"><a t-on-click="_onksSplit" data-value="vertical" class="dropdown-item" href="#">Vertical Split</a></li>
						<li t-attf-class="{{props.split_view == 'horizontal'?'active_split':''}}"><a t-on-click="_onksSplit" data-value="horizontal" class="dropdown-item" href="#">Horizontal Split</a></li>
					</ul>
				</div>
                <div class="o_cp_pager" role="search" t-ref="pager">
					<Pager t-if="props.pager and props.pager.limit" t-props="props.pager"/>
				</div>
                <nav t-if="props.views.length gt 1" class="btn-group o_cp_switch_buttons" role="toolbar"
                     aria-label="View switcher">
					<t t-foreach="props.views" t-as="view" t-key="view.type">
						<!--<t t-call="web.ViewSwitcherButton"/>-->
                        <t t-set="buttonLabel">View %s</t>
                        <button type="button"
                                t-att-accesskey="view.accessKey"
                                t-att-ksView="view.type"
                                t-attf-class="btn btn-secondary fa fa-lg o_switch_view o_{{ view.type }} {{ view.icon }}"
                                t-att-class="{ active: env.view.type === view.type }"
                                t-att-aria-label="sprintf(buttonLabel.toString(), view.type)"
                                t-att-title="sprintf(buttonLabel.toString(), view.type)"
                                data-toggle="tooltip"
                                tabindex="-1"
                                t-on-click="_ksViewSwitcher"
                        />
					</t>
				</nav>

                <nav class="ks_fullscreen_div ml-2">
					<button type="button" accesskey="f" class="btn btn-secondary fa fa-lg ks_fullscreen fa-expand"
                            aria-label="Full Screen" t-on-click="_onksFullScreen" title="Full Screen"
                            data-toggle="tooltip" tabindex="-1"/>
                    <button class="ks-phone-controll-option" t-if="props.views.length gt 1"
                            t-on-click="_ksMobileViewSwitcher">
						<svg width="20" height="16" viewBox="0 0 24 16" fill="none" xmlns="http://www.w3.org/2000/svg">
							<path d="M7.11099 1H23" stroke="#454546" stroke-width="2" stroke-linecap="round"
                                  stroke-linejoin="round"/>
                            <path d="M7.11081 7.70496H22.9998" stroke="#454546" stroke-width="2" stroke-linecap="round"
                                  stroke-linejoin="round"/>
                            <path d="M7.11081 14.4102H22.9998" stroke="#454546" stroke-width="2" stroke-linecap="round"
                                  stroke-linejoin="round"/>
                            <path d="M1 1H1.01222" stroke="#454546" stroke-width="2" stroke-linecap="round"
                                  stroke-linejoin="round"/>
                            <path d="M1 7.70496H1.01222" stroke="#454546" stroke-width="2" stroke-linecap="round"
                                  stroke-linejoin="round"/>
                            <path d="M1 14.4102H1.01222" stroke="#454546" stroke-width="2" stroke-linecap="round"
                                  stroke-linejoin="round"/>
						</svg>
					</button>
				</nav>
			</div>
		</xpath>
        <xpath expr="//div[hasclass('o_cp_top_right')]" position="replace">
			<div class="o_cp_top_right">
				<div class="o_cp_searchview ks_search_responsive" role="search" t-ref="searchView">
					<button class="ks-search-close" t-on-click="_ksSearchButtonClose">
						<svg width="16" height="16" viewBox="0 0 16 17" fill="none" xmlns="http://www.w3.org/2000/svg">
							<path d="M15 8.25H1" stroke="#616266" stroke-width="2" stroke-linecap="round"
                                  stroke-linejoin="round"/>
                            <path d="M8 15.5L1 8.25L8 1" stroke="#616266" stroke-width="2" stroke-linecap="round"
                                  stroke-linejoin="round"/>
						</svg>
					</button>
                    <div t-if="props.withSearchBar" class="o_searchview" role="search" aria-autocomplete="list">
						<i class="o_searchview_icon fa fa-search" title="Search..." role="img" aria-label="Search..."/>
                        <SearchBar t-if="props.withSearchBar" fields="fields"/>
                        <button class="ks-phone-filter-btn" t-on-click="_ksSearchFragmentOpen">
							<svg width="16" height="11" viewBox="0 0 13 10" fill="none"
                                 xmlns="http://www.w3.org/2000/svg">
								<path fill-rule="evenodd" clip-rule="evenodd" d="M13 2H0V0H13V2Z" fill="#454546"/>
                                <path fill-rule="evenodd" clip-rule="evenodd" d="M12 6H1V4H12V5V6Z" fill="#454546"/>
                                <path fill-rule="evenodd" clip-rule="evenodd" d="M11 10H2V8H11V9V10Z" fill="#454546"/>
							</svg>
						</button>
					</div>
				</div>
                <button class="ks-phone-sr-btn" t-on-click="_ksSearchButtonOpen" t-if="props.withSearchBar">
					<svg width="18" height="18" viewBox="0 0 18 18" fill="none" xmlns="http://www.w3.org/2000/svg">
						<path d="M17 17L11.6667 11.6667L17 17ZM13.4444 7.22222C13.4444 8.03934 13.2835 8.84845 12.9708 9.60336C12.6581 10.3583 12.1998 11.0442 11.622 11.622C11.0442 12.1998 10.3583 12.6581 9.60336 12.9708C8.84845 13.2835 8.03934 13.4444 7.22222 13.4444C6.40511 13.4444 5.596 13.2835 4.84108 12.9708C4.08617 12.6581 3.40023 12.1998 2.82245 11.622C2.24466 11.0442 1.78633 10.3583 1.47364 9.60336C1.16094 8.84845 1 8.03934 1 7.22222C1 5.57199 1.65555 3.98934 2.82245 2.82245C3.98934 1.65555 5.57199 1 7.22222 1C8.87246 1 10.4551 1.65555 11.622 2.82245C12.7889 3.98934 13.4444 5.57199 13.4444 7.22222Z"
                              stroke="#454546" stroke-width="1.5" stroke-linecap="round" stroke-linejoin="round"/>
					</svg>
				</button>
			</div>
		</xpath>
        <xpath expr="//div[1]" position="inside">
			<t t-set="mobile_view" t-value="_ksCheckMobileView()"/>
            <t t-set="search_view" t-value="_ksCheckSearchPanel()"/>
            <div class="ks_search_control_panel" t-if="mobile_view &amp;&amp; search_view">
					<button class="ks-phone-category-btn" t-on-click="_ksSearchPanelOpen"><i class="fa fa-filter"></i></button>
                <t t-set="filters" t-value="_ksActiveSearchFilter()"/>
                <t t-if="filters.length > 0">
                	<!--<div class="ks-select-status">Name of Selected Option</div>-->
                    <t t-foreach="filters" t-as="active_fil">
						<span class="active_items">
							<i
                                    t-if="active_fil.icon"
                                    t-attf-class="fa {{ active_fil.icon }}"
                            />
                            <t
                                    t-esc="active_fil.display_name"
                            />
						</span>
					</t>
				</t>
                <t t-if="!filters.length">
					<div class="ks-select-status">All</div>
				</t>
			</div>
		</xpath>
	</t>

	<t t-name="ks_curved_backend_theme.ks_searchbar" t-inherit="web.SearchBar" t-inherit-mode="extension" owl="1">
		<xpath expr="//div[hasclass('o_cp_searchview')]" position="attributes">
            <attribute name="class">o_cp_searchview ks_search_responsive</attribute>
        </xpath>
		<xpath expr="//div[hasclass('o_cp_searchview')]" position="inside">
            <button class="ks-search-close" t-on-click="_ksSearchButtonClose">
				<svg width="16" height="16" viewBox="0 0 16 17" fill="none" xmlns="http://www.w3.org/2000/svg">
					<path d="M15 8.25H1" stroke="#616266" stroke-width="2" stroke-linecap="round"
						  stroke-linejoin="round"/>
					<path d="M8 15.5L1 8.25L8 1" stroke="#616266" stroke-width="2" stroke-linecap="round"
						  stroke-linejoin="round"/>
				</svg>
			</button>
        </xpath>
			<xpath expr="//div[hasclass('o_searchview')]" position="inside">
				<button class="ks-phone-filter-btn" t-on-click="_ksSearchFragmentOpen">
					<svg width="16" height="11" viewBox="0 0 13 10" fill="none"
						 xmlns="http://www.w3.org/2000/svg">
						<path fill-rule="evenodd" clip-rule="evenodd" d="M13 2H0V0H13V2Z" fill="#454546"/>
						<path fill-rule="evenodd" clip-rule="evenodd" d="M12 6H1V4H12V5V6Z" fill="#454546"/>
						<path fill-rule="evenodd" clip-rule="evenodd" d="M11 10H2V8H11V9V10Z" fill="#454546"/>
					</svg>
				</button>
        </xpath>
	</t>

	<t t-inherit="web.ControlPanel" t-inherit-mode="extension" owl="1">
		<xpath expr="//div[hasclass('o_cp_bottom_right')]" position="replace">
			<div class="o_cp_bottom_right">
				<div class="ks-phone-filter-modal">
					<!-- phone-show -->
                    <div class="ks-phone-filter-topbar">
						<div class="ks-top-icons">
							<button class="ks-back-btn" t-on-click="_ksSearchFragmentClose">
								<svg width="16" height="17" viewBox="0 0 16 17" fill="none"
                                     xmlns="http://www.w3.org/2000/svg">
									<path d="M15 8.25H1" stroke="#616266" stroke-width="2" stroke-linecap="round"
                                          stroke-linejoin="round"/>
                                    <path d="M8 15.5L1 8.25L8 1" stroke="#616266" stroke-width="2"
                                          stroke-linecap="round" stroke-linejoin="round"/>
								</svg>
							</button>
                            <button t-on-click="_ksSearchReset">
								Clear
							</button>
						</div>
                        <div class="ks-item-search-box d-none">
							<t t-if="env.config.viewType!='form'">
								<SearchBar fields="fields"/>
							</t>
<!--                            <input type="text" placeholder='Search...'/>-->
<!--                            <button class="ks-srch-btn">-->
<!--                                <svg width="18" height="18" viewBox="0 0 18 18" fill="none"-->
<!--                                     xmlns="http://www.w3.org/2000/svg">-->
<!--                                    <path d="M17 17L11.6667 11.6667L17 17ZM13.4444 7.22222C13.4444 8.03934 13.2835 8.84845 12.9708 9.60336C12.6581 10.3583 12.1998 11.0442 11.622 11.622C11.0442 12.1998 10.3583 12.6581 9.60336 12.9708C8.84845 13.2835 8.03934 13.4444 7.22222 13.4444C6.40511 13.4444 5.596 13.2835 4.84108 12.9708C4.08617 12.6581 3.40023 12.1998 2.82245 11.622C2.24466 11.0442 1.78633 10.3583 1.47364 9.60336C1.16094 8.84845 1 8.03934 1 7.22222C1 5.57199 1.65555 3.98934 2.82245 2.82245C3.98934 1.65555 5.57199 1 7.22222 1C8.87246 1 10.4551 1.65555 11.622 2.82245C12.7889 3.98934 13.4444 5.57199 13.4444 7.22222Z"-->
<!--                                          stroke="#454546" stroke-width="1.5" stroke-linecap="round"-->
<!--                                          stroke-linejoin="round"/>-->
<!--                                </svg>-->
<!--                            </button>-->
<!--                            <span class="ks-search-result">-->
<!--                                <i role="img" aria-label="Remove" title="Remove" class="fa fa-sm fa-remove"></i>-->
<!--                            </span>-->
						</div>
					</div>
					<div class="btn-group o_search_options position-static" role="search">
                            <t t-foreach="searchMenus" t-as="menu" t-key="menu.key">
                                <t t-component="menu.Component"/>
                            </t>
                        </div>
<!--                    <div class="btn-group o_search_options position-static" role="search" t-ref="searchViewButtons">-->
<!--						<t t-if="searchMenus">-->
<!--							<FilterMenu t-if="searchMenus[0]['key']=='filter'" class="o_filter_menu"-->
<!--                                        fields="fields"/>-->
<!--                            <GroupByMenu t-if="searchMenus[1]['key']=='groupBy'" class="o_group_by_menu"-->
<!--                                         fields="fields"/>-->
<!--&lt;!&ndash;                            <ComparisonMenu&ndash;&gt;-->
<!--&lt;!&ndash;                                    t-if="props.searchMenuTypes.includes('comparison') and model.get('filters', f => f.type === 'comparison').length"&ndash;&gt;-->
<!--&lt;!&ndash;                                    class="o_comparison_menu"/>&ndash;&gt;-->
<!--                            <FavoriteMenu t-if="searchMenus[2]['key']=='favorite'" class="o_favorite_menu"/>-->
<!--						</t>-->
<!--					</div>-->
				</div>

<!--				<div t-if="env.config.viewSwitcherEntries.find((v) => v.active) and env.config.viewSwitcherEntries.find((v) => v.active).type == 'list'" class="dropdown refresh_button">-->
<!--					<button class="reload_list_view btn btn-primary fa fa-refresh"></button>-->
<!--				</div>-->
<!--				<div t-if="env.config.viewSwitcherEntries.find((v) => v.active).type == 'form'" class="dropdown refresh_button">-->
<!--					<button class="reload_form_view btn btn-primary fa fa-refresh"></button>-->
<!--				</div>-->
<!--				<div t-if="(env.config.viewSwitcherEntries.find((v) => v.active).type != 'form' and env.config.viewSwitcherEntries.find((v) => v.active).type != 'list')" class="dropdown refresh_button">-->
<!--					<button class="reload_view btn btn-primary fa fa-refresh"></button>-->
<!--				</div>-->
                <nav t-if="env.config.viewSwitcherEntries.length gt 1" class="btn-group o_cp_switch_buttons" role="toolbar"
                     aria-label="View switcher">
					<t t-foreach="env.config.viewSwitcherEntries" t-as="view" t-key="view.type">
						<!--<t t-call="web.ViewSwitcherButton"/>-->
                        <t t-set="buttonLabel">View %s</t>
						<button
                            class="btn btn-light fa fa-lg o_switch_view "
                            t-attf-class="o_{{view.type}} {{view.icon}} {{view.active ? 'active' : ''}}"
                            t-att-data-tooltip="view.name"
                            t-on-click="onViewClicked(view.type)"
                        />
					</t>
				</nav>

                <nav class="ks_fullscreen_div ml-2">
					<button type="button" accesskey="f" class="btn btn-secondary fa fa-lg ks_fullscreen fa-expand"
                            aria-label="Full Screen" t-on-click="_onksFullScreen" title="Full Screen"
                            data-toggle="tooltip" tabindex="-1"/>
                    <button class="ks-phone-controll-option" t-if="env.config.views.length gt 1"
                            t-on-click="_ksMobileViewSwitcher">
						<svg width="20" height="16" viewBox="0 0 24 16" fill="none" xmlns="http://www.w3.org/2000/svg">
							<path d="M7.11099 1H23" stroke="#454546" stroke-width="2" stroke-linecap="round"
                                  stroke-linejoin="round"/>
                            <path d="M7.11081 7.70496H22.9998" stroke="#454546" stroke-width="2" stroke-linecap="round"
                                  stroke-linejoin="round"/>
                            <path d="M7.11081 14.4102H22.9998" stroke="#454546" stroke-width="2" stroke-linecap="round"
                                  stroke-linejoin="round"/>
                            <path d="M1 1H1.01222" stroke="#454546" stroke-width="2" stroke-linecap="round"
                                  stroke-linejoin="round"/>
                            <path d="M1 7.70496H1.01222" stroke="#454546" stroke-width="2" stroke-linecap="round"
                                  stroke-linejoin="round"/>
                            <path d="M1 14.4102H1.01222" stroke="#454546" stroke-width="2" stroke-linecap="round"
                                  stroke-linejoin="round"/>
						</svg>
					</button>
				</nav>
			</div>
		</xpath>
		<xpath expr="//div[hasclass('o_cp_top_right')]" position="inside">
			<button class="ks-phone-sr-btn" t-on-click="_ksSearchButtonOpen" t-if="searchMenus">
				<svg width="18" height="18" viewBox="0 0 18 18" fill="none" xmlns="http://www.w3.org/2000/svg">
					<path d="M17 17L11.6667 11.6667L17 17ZM13.4444 7.22222C13.4444 8.03934 13.2835 8.84845 12.9708 9.60336C12.6581 10.3583 12.1998 11.0442 11.622 11.622C11.0442 12.1998 10.3583 12.6581 9.60336 12.9708C8.84845 13.2835 8.03934 13.4444 7.22222 13.4444C6.40511 13.4444 5.596 13.2835 4.84108 12.9708C4.08617 12.6581 3.40023 12.1998 2.82245 11.622C2.24466 11.0442 1.78633 10.3583 1.47364 9.60336C1.16094 8.84845 1 8.03934 1 7.22222C1 5.57199 1.65555 3.98934 2.82245 2.82245C3.98934 1.65555 5.57199 1 7.22222 1C8.87246 1 10.4551 1.65555 11.622 2.82245C12.7889 3.98934 13.4444 5.57199 13.4444 7.22222Z"
						  stroke="#454546" stroke-width="1.5" stroke-linecap="round" stroke-linejoin="round"/>
				</svg>
			</button>
		</xpath>

	</t>

	<div t-inherit="web.Action" t-inherit-mode="extension">
		<xpath expr="//div[hasclass('o_content')]" position="replace">
			<div t-att-class="widget.list_split_mode ? 'o_content list_split_mode split_' +  widget.list_split_mode : 'o_content'"/>
		</xpath>
	</div>

</templates>
