<?xml version="1.0" encoding="UTF-8"?>
<templates id="ks_arc_leftmenu" xml:space="preserve">
    <t t-name="ks_curved_backend_theme.SubMenu" owl="1">
    <ul role="menu" class="ks_menusections o_menu_sections">
      <t t-foreach="childs" t-as="child" t-key="child.id">
          <li >
              <t t-if="child.actionID">
                  <a t-attf-href="#menu_id={{child.id}}&amp;action_id={{child.actionID}}"
							   t-att-data-menu-xmlid="child.xmlID"
							   t-att-data-action-id="child.actionID"
							   class="dropdown-item">
                      <span t-esc="child.name"/>
                  </a>
              </t>
              <t t-else="">
                  <a href="#" class="dropdown-toggle o-no-caret o_menu_header_lvl_1" data-menu-xmlid="child.xmlid"
                     data-toggle="dropdown" data-display="static" role="button" >
                    <span t-esc="child.name" t-att-data-section="child.id" />
                  </a>
                  <div class="dropdown-menu" role="menu">
                      <t t-call="web.NavBar.SectionsMenu.Dropdown.MenuSlot" >
                         <t t-set="items" t-value="child.childrenTree" />
                      </t>
                  </div>
              </t>
          </li>
      </t>
    </ul>
  </t>
</templates>